,Datetime,Open,High,Low,Close,Volume
0,2024-01-15 09:15:00,47891.1,48097.9,47830.05,48069.5,0
1,2024-01-15 09:30:00,48071.3,48129.35,48048.6,48073.6,0
2,2024-01-15 09:45:00,48073.9,48086.35,47868.3,47873.8,0
3,2024-01-15 10:00:00,47869.5,47997.95,47825.4,47949.1,0
4,2024-01-15 10:15:00,47950.3,48020.2,47935.7,48019.1,0
5,2024-01-15 10:30:00,48015.4,48066.85,47998.3,48037.6,0
6,2024-01-15 10:45:00,48040.0,48053.2,47998.25,48053.2,0
7,2024-01-15 11:00:00,48052.5,48058.0,48014.8,48048.5,0
8,2024-01-15 11:15:00,48049.3,48062.8,48012.0,48029.6,0
9,2024-01-15 11:30:00,48033.2,48045.6,47973.7,48044.1,0
10,2024-01-15 11:45:00,48042.1,48076.4,48016.5,48064.1,0
11,2024-01-15 12:00:00,48064.2,48091.15,48049.0,48084.9,0
12,2024-01-15 12:15:00,48083.9,48199.95,48072.45,48163.2,0
13,2024-01-15 12:30:00,48157.7,48169.95,48103.55,48132.2,0
14,2024-01-15 12:45:00,48130.9,48151.4,48103.1,48135.1,0
15,2024-01-15 13:00:00,48136.8,48159.75,48086.2,48148.4,0
16,2024-01-15 13:15:00,48149.7,48158.3,48105.95,48115.6,0
17,2024-01-15 13:30:00,48117.1,48119.55,48071.05,48083.1,0
18,2024-01-15 13:45:00,48084.6,48118.8,48032.3,48118.8,0
19,2024-01-15 14:00:00,48118.2,48136.15,48071.85,48083.6,0
20,2024-01-15 14:15:00,48085.2,48102.8,48041.15,48058.4,0
21,2024-01-15 14:30:00,48058.4,48079.45,48022.55,48063.2,0
22,2024-01-15 14:45:00,48062.4,48119.15,48045.15,48092.4,0
23,2024-01-15 15:00:00,48090.4,48148.65,48072.35,48148.6,0
24,2024-01-15 15:15:00,48147.2,48248.05,48140.6,48223.6,0
25,2024-01-16 09:15:00,48109.9,48204.15,48031.2,48132.4,0
26,2024-01-16 09:30:00,48133.1,48164.45,48072.5,48160.4,0
27,2024-01-16 09:45:00,48156.5,48249.4,48156.5,48175.4,0
28,2024-01-16 10:00:00,48176.6,48254.7,48148.7,48241.2,0
29,2024-01-16 10:15:00,48242.9,48247.2,48191.75,48232.2,0
30,2024-01-16 10:30:00,48237.9,48285.5,48217.8,48259.5,0
31,2024-01-16 10:45:00,48248.2,48290.35,48243.3,48267.8,0
32,2024-01-16 11:00:00,48272.2,48292.7,48245.0,48267.9,0
33,2024-01-16 11:15:00,48264.6,48284.6,48226.35,48249.4,0
34,2024-01-16 11:30:00,48252.8,48284.1,48177.3,48201.0,0
35,2024-01-16 11:45:00,48198.9,48302.2,48188.35,48301.1,0
36,2024-01-16 12:00:00,48298.6,48305.4,48188.35,48214.3,0
37,2024-01-16 12:15:00,48212.9,48247.2,48178.1,48238.5,0
38,2024-01-16 12:30:00,48237.8,48265.75,48191.55,48210.6,0
39,2024-01-16 12:45:00,48206.8,48216.65,48141.35,48149.6,0
40,2024-01-16 13:00:00,48148.9,48162.85,48091.5,48122.9,0
41,2024-01-16 13:15:00,48122.6,48145.6,48088.4,48129.5,0
42,2024-01-16 13:30:00,48128.6,48128.6,48002.85,48078.8,0
43,2024-01-16 13:45:00,48076.6,48139.15,48053.05,48123.4,0
44,2024-01-16 14:00:00,48124.9,48182.1,48082.9,48151.3,0
45,2024-01-16 14:15:00,48151.6,48168.35,48070.8,48086.3,0
46,2024-01-16 14:30:00,48094.9,48124.05,48049.45,48105.3,0
47,2024-01-16 14:45:00,48102.8,48146.65,48079.0,48132.6,0
48,2024-01-16 15:00:00,48124.1,48147.1,48108.05,48125.4,0
49,2024-01-16 15:15:00,48125.8,48138.85,48096.3,48111.7,0
50,2024-01-17 09:15:00,46573.9,47212.75,46534.3,46918.9,0
51,2024-01-17 09:30:00,46916.9,47069.55,46895.55,47030.4,0
52,2024-01-17 09:45:00,47026.8,47115.5,46898.75,46991.3,0
53,2024-01-17 10:00:00,46988.1,47002.5,46946.35,46953.4,0
54,2024-01-17 10:15:00,46950.9,46982.05,46872.35,46946.6,0
55,2024-01-17 10:30:00,46945.4,46951.25,46648.4,46692.7,0
56,2024-01-17 10:45:00,46687.6,46732.65,46586.55,46626.2,0
57,2024-01-17 11:00:00,46633.1,46660.5,46588.55,46613.4,0
58,2024-01-17 11:15:00,46609.4,46641.7,46555.95,46594.6,0
59,2024-01-17 11:30:00,46592.5,46606.85,46276.75,46380.9,0
60,2024-01-17 11:45:00,46364.8,46412.9,46311.0,46350.9,0
61,2024-01-17 12:00:00,46353.2,46398.3,46271.35,46381.1,0
62,2024-01-17 12:15:00,46385.9,46466.95,46323.55,46339.9,0
63,2024-01-17 12:30:00,46333.0,46344.55,46256.9,46280.8,0
64,2024-01-17 12:45:00,46279.6,46311.65,46237.4,46272.0,0
65,2024-01-17 13:00:00,46265.2,46370.3,46252.6,46264.2,0
66,2024-01-17 13:15:00,46264.7,46332.8,46241.0,46308.6,0
67,2024-01-17 13:30:00,46313.2,46360.65,46212.95,46322.8,0
68,2024-01-17 13:45:00,46324.9,46391.6,46290.4,46310.1,0
69,2024-01-17 14:00:00,46307.4,46330.7,46234.75,46320.1,0
70,2024-01-17 14:15:00,46323.1,46343.1,46211.05,46244.1,0
71,2024-01-17 14:30:00,46241.2,46259.65,46155.9,46163.9,0
72,2024-01-17 14:45:00,46168.6,46188.55,46010.05,46058.2,0
73,2024-01-17 15:00:00,46066.4,46156.25,45979.6,46122.1,0
74,2024-01-17 15:15:00,46119.0,46125.85,46028.8,46083.5,0
75,2024-01-18 09:15:00,45492.8,45824.1,45430.7,45772.0,0
76,2024-01-18 09:30:00,45764.4,45767.95,45622.4,45734.9,0
77,2024-01-18 09:45:00,45729.6,45745.0,45554.2,45604.6,0
78,2024-01-18 10:00:00,45600.1,45925.6,45600.15,45780.9,0
79,2024-01-18 10:15:00,45776.7,45865.35,45710.0,45807.8,0
80,2024-01-18 10:30:00,45805.1,45903.2,45698.6,45903.2,0
81,2024-01-18 10:45:00,45898.9,45971.8,45867.75,45943.5,0
82,2024-01-18 11:00:00,45942.3,46033.75,45898.3,45993.1,0
83,2024-01-18 11:15:00,45986.5,46034.1,45927.75,45980.1,0
84,2024-01-18 11:30:00,45978.6,46008.0,45889.65,45951.1,0
85,2024-01-18 11:45:00,45950.7,46013.3,45907.35,46009.9,0
86,2024-01-18 12:00:00,46012.6,46180.6,45978.0,46170.8,0
87,2024-01-18 12:15:00,46174.1,46184.05,46090.15,46136.9,0
88,2024-01-18 12:30:00,46134.3,46136.7,45841.35,45862.6,0
89,2024-01-18 12:45:00,45852.3,45903.35,45677.5,45688.1,0
90,2024-01-18 13:00:00,45685.9,45781.9,45650.9,45739.5,0
91,2024-01-18 13:15:00,45741.9,45803.55,45661.75,45678.9,0
92,2024-01-18 13:30:00,45677.8,45730.05,45610.35,45623.4,0
93,2024-01-18 13:45:00,45622.8,45714.3,45592.4,45657.9,0
94,2024-01-18 14:00:00,45658.6,45683.9,45571.25,45655.4,0
95,2024-01-18 14:15:00,45658.9,45673.15,45522.9,45547.9,0
96,2024-01-18 14:30:00,45550.8,45749.8,45507.05,45690.9,0
97,2024-01-18 14:45:00,45691.7,45734.1,45630.8,45654.9,0
98,2024-01-18 15:00:00,45654.5,45787.95,45628.7,45699.9,0
99,2024-01-18 15:15:00,45701.4,45778.0,45676.4,45762.0,0
100,2024-01-19 09:15:00,46103.5,46160.9,46026.15,46137.4,0
101,2024-01-19 09:30:00,46143.1,46183.85,46052.2,46084.8,0
102,2024-01-19 09:45:00,46088.1,46126.5,46017.25,46099.6,0
103,2024-01-19 10:00:00,46099.9,46162.45,46069.35,46109.4,0
104,2024-01-19 10:15:00,46111.9,46200.45,46058.8,46193.7,0
105,2024-01-19 10:30:00,46196.1,46249.85,46182.3,46214.6,0
106,2024-01-19 10:45:00,46214.7,46220.4,46139.75,46151.2,0
107,2024-01-19 11:00:00,46154.8,46162.75,45895.65,45930.1,0
108,2024-01-19 11:15:00,45925.9,46016.05,45906.1,45985.8,0
109,2024-01-19 11:30:00,45982.9,46048.05,45955.95,45981.3,0
110,2024-01-19 11:45:00,45980.7,46001.7,45943.55,45960.6,0
111,2024-01-19 12:00:00,45956.9,45970.25,45848.5,45912.2,0
112,2024-01-19 12:15:00,45906.6,45920.05,45840.95,45876.0,0
113,2024-01-19 12:30:00,45872.9,45909.55,45826.35,45877.1,0
114,2024-01-19 12:45:00,45873.6,45916.7,45853.45,45897.2,0
115,2024-01-19 13:00:00,45894.4,45916.95,45859.7,45912.1,0
116,2024-01-19 13:15:00,45909.0,45944.05,45697.05,45704.8,0
117,2024-01-19 13:30:00,45700.2,45805.6,45661.2,45748.6,0
118,2024-01-19 13:45:00,45752.9,45771.5,45700.45,45718.4,0
119,2024-01-19 14:00:00,45715.8,45730.15,45592.7,45595.8,0
120,2024-01-19 14:15:00,45593.0,45760.8,45558.05,45760.8,0
121,2024-01-19 14:30:00,45754.2,45767.7,45656.65,45738.6,0
122,2024-01-19 14:45:00,45738.8,45758.6,45684.65,45699.3,0
123,2024-01-19 15:00:00,45699.2,45725.55,45634.65,45692.5,0
124,2024-01-19 15:15:00,45692.4,45748.35,45689.65,45735.8,0
125,2024-01-20 09:15:00,45989.2,46069.0,45895.1,46012.2,0
126,2024-01-20 09:30:00,46013.9,46028.2,45792.6,45873.5,0
127,2024-01-20 09:45:00,45868.5,45876.45,45755.75,45794.3,0
128,2024-01-20 10:00:00,45786.4,45863.8,45749.05,45840.1,0
129,2024-01-20 10:15:00,45840.4,45951.55,45828.6,45933.6,0
130,2024-01-20 10:30:00,45929.5,45953.65,45879.8,45928.1,0
131,2024-01-20 10:45:00,45927.6,46006.05,45924.75,45994.6,0
132,2024-01-20 11:00:00,45984.9,46003.0,45940.25,45951.9,0
133,2024-01-20 11:15:00,45951.1,45961.95,45877.2,45916.5,0
134,2024-01-20 11:30:00,45919.6,45940.05,45872.15,45917.6,0
135,2024-01-20 11:45:00,45914.6,45923.8,45859.0,45920.8,0
136,2024-01-20 12:00:00,45915.4,45923.95,45889.8,45911.2,0
137,2024-01-20 12:15:00,45912.3,45943.6,45871.0,45893.2,0
138,2024-01-20 12:30:00,45890.4,45930.5,45640.9,45733.1,0
139,2024-01-20 12:45:00,45742.4,46064.4,45734.1,46057.2,0
140,2024-01-20 13:00:00,46058.6,46109.1,45981.4,46078.1,0
141,2024-01-20 13:15:00,46075.6,46183.7,46037.65,46120.6,0
142,2024-01-20 13:30:00,46121.2,46135.1,46040.8,46092.4,0
143,2024-01-20 13:45:00,46091.5,46114.2,46022.7,46093.2,0
144,2024-01-20 14:00:00,46093.9,46129.1,46048.75,46104.3,0
145,2024-01-20 14:15:00,46108.2,46147.4,46058.75,46130.0,0
146,2024-01-20 14:30:00,46130.8,46150.85,46065.95,46079.6,0
147,2024-01-20 14:45:00,46081.8,46148.1,46053.55,46105.8,0
148,2024-01-20 15:00:00,46108.6,46119.9,45940.5,46075.1,0
149,2024-01-20 15:15:00,46076.0,46129.45,46049.85,46108.8,0
150,2024-01-23 09:15:00,46495.4,46580.3,46346.9,46392.4,0
151,2024-01-23 09:30:00,46394.9,46403.3,46209.05,46271.5,0
152,2024-01-23 09:45:00,46275.7,46301.2,45981.55,46011.8,0
153,2024-01-23 10:00:00,46012.9,46045.05,45898.6,45993.7,0
154,2024-01-23 10:15:00,45992.4,46053.05,45804.75,45828.9,0
155,2024-01-23 10:30:00,45829.9,45895.5,45645.3,45682.5,0
156,2024-01-23 10:45:00,45677.6,45769.3,45660.25,45746.3,0
157,2024-01-23 11:00:00,45738.8,45780.4,45646.6,45723.9,0
158,2024-01-23 11:15:00,45724.5,45734.25,45573.25,45667.9,0
159,2024-01-23 11:30:00,45667.9,45688.2,45309.75,45351.2,0
160,2024-01-23 11:45:00,45350.1,45390.2,45282.0,45317.6,0
161,2024-01-23 12:00:00,45316.9,45323.2,45089.6,45143.9,0
162,2024-01-23 12:15:00,45143.9,45319.4,45141.4,45306.1,0
163,2024-01-23 12:30:00,45315.8,45362.85,45253.15,45304.2,0
164,2024-01-23 12:45:00,45294.2,45331.1,45214.75,45243.3,0
165,2024-01-23 13:00:00,45243.9,45279.05,45193.1,45222.2,0
166,2024-01-23 13:15:00,45225.1,45277.0,45119.4,45184.0,0
167,2024-01-23 13:30:00,45187.3,45219.25,45115.95,45173.8,0
168,2024-01-23 13:45:00,45174.9,45183.75,45063.0,45114.8,0
169,2024-01-23 14:00:00,45117.8,45142.2,45066.0,45073.9,0
170,2024-01-23 14:15:00,45074.4,45097.75,44901.4,44936.6,0
171,2024-01-23 14:30:00,44941.6,44986.15,44886.1,44903.7,0
172,2024-01-23 14:45:00,44904.7,45105.9,44904.7,44959.0,0
173,2024-01-23 15:00:00,44959.1,45095.55,44929.2,45029.8,0
174,2024-01-23 15:15:00,45029.4,45066.6,44976.4,45006.4,0
175,2024-01-24 09:15:00,44489.4,44928.95,44489.4,44923.5,0
176,2024-01-24 09:30:00,44936.4,45151.35,44893.55,45098.7,0
177,2024-01-24 09:45:00,45108.4,45337.2,45108.4,45320.9,0
178,2024-01-24 10:00:00,45320.1,45397.7,45162.75,45261.9,0
179,2024-01-24 10:15:00,45263.4,45485.5,45262.95,45412.4,0
180,2024-01-24 10:30:00,45412.9,45457.75,45291.3,45292.1,0
181,2024-01-24 10:45:00,45291.9,45368.5,45192.8,45261.2,0
182,2024-01-24 11:00:00,45260.4,45339.75,45230.0,45255.0,0
183,2024-01-24 11:15:00,45255.1,45323.75,44974.0,44974.0,0
184,2024-01-24 11:30:00,44976.9,45113.7,44835.2,45057.2,0
185,2024-01-24 11:45:00,45048.6,45053.5,44894.2,44937.2,0
186,2024-01-24 12:00:00,44931.7,44942.1,44664.8,44709.1,0
187,2024-01-24 12:15:00,44709.6,44832.0,44637.75,44733.4,0
188,2024-01-24 12:30:00,44733.6,44744.3,44604.5,44616.8,0
189,2024-01-24 12:45:00,44614.4,44791.4,44614.35,44791.4,0
190,2024-01-24 13:00:00,44787.9,44891.35,44763.45,44804.1,0
191,2024-01-24 13:15:00,44802.4,44916.45,44682.6,44810.6,0
192,2024-01-24 13:30:00,44808.1,44836.75,44745.9,44758.6,0
193,2024-01-24 13:45:00,44763.7,44798.35,44666.2,44680.2,0
194,2024-01-24 14:00:00,44682.9,44846.15,44682.95,44774.1,0
195,2024-01-24 14:15:00,44776.2,44865.8,44737.7,44847.8,0
196,2024-01-24 14:30:00,44850.4,45102.85,44831.55,45098.8,0
197,2024-01-24 14:45:00,45099.4,45101.55,44945.2,45091.8,0
198,2024-01-24 15:00:00,45093.5,45148.2,45007.15,45108.4,0
199,2024-01-24 15:15:00,45108.4,45146.0,45055.45,45074.7,0
200,2024-01-25 09:15:00,45057.9,45136.1,44891.65,45046.6,0
201,2024-01-25 09:30:00,45046.1,45069.8,44865.0,44900.6,0
202,2024-01-25 09:45:00,44903.4,44986.65,44813.3,44853.3,0
203,2024-01-25 10:00:00,44854.7,44882.55,44804.0,44824.4,0
204,2024-01-25 10:15:00,44825.9,44836.55,44567.3,44691.4,0
205,2024-01-25 10:30:00,44697.2,44747.75,44547.05,44625.6,0
206,2024-01-25 10:45:00,44629.1,44653.5,44571.8,44609.0,0
207,2024-01-25 11:00:00,44609.4,44682.0,44570.9,44601.0,0
208,2024-01-25 11:15:00,44602.4,44710.75,44585.8,44600.4,0
209,2024-01-25 11:30:00,44597.4,44769.1,44570.95,44667.2,0
210,2024-01-25 11:45:00,44667.6,44668.5,44513.65,44569.7,0
211,2024-01-25 12:00:00,44571.4,44621.75,44545.35,44558.6,0
212,2024-01-25 12:15:00,44561.6,44582.0,44505.3,44550.2,0
213,2024-01-25 12:30:00,44553.4,44614.3,44488.35,44554.4,0
214,2024-01-25 12:45:00,44556.7,44631.95,44430.95,44446.6,0
215,2024-01-25 13:00:00,44453.5,44547.25,44429.0,44542.2,0
216,2024-01-25 13:15:00,44543.6,44550.9,44449.6,44450.6,0
217,2024-01-25 13:30:00,44454.8,44535.25,44444.35,44502.6,0
218,2024-01-25 13:45:00,44503.1,44648.65,44501.3,44602.2,0
219,2024-01-25 14:00:00,44599.1,44628.95,44521.75,44537.6,0
220,2024-01-25 14:15:00,44534.2,44616.2,44494.45,44605.1,0
221,2024-01-25 14:30:00,44607.0,44635.85,44526.95,44545.1,0
222,2024-01-25 14:45:00,44545.6,44595.4,44533.2,44581.4,0
223,2024-01-25 15:00:00,44581.9,44909.3,44581.95,44872.4,0
224,2024-01-25 15:15:00,44874.9,45139.05,44869.35,44988.5,0
225,2024-01-29 09:15:00,45171.5,45347.95,45110.9,45334.4,0
226,2024-01-29 09:30:00,45329.4,45434.85,45256.4,45344.3,0
227,2024-01-29 09:45:00,45350.3,45470.9,45325.45,45460.1,0
228,2024-01-29 10:00:00,45459.6,45499.45,45412.5,45463.9,0
229,2024-01-29 10:15:00,45464.8,45660.35,45454.25,45618.1,0
230,2024-01-29 10:30:00,45608.1,45638.9,45552.55,45577.2,0
231,2024-01-29 10:45:00,45575.1,45614.0,45508.35,45580.7,0
232,2024-01-29 11:00:00,45584.4,45593.3,45524.75,45546.6,0
233,2024-01-29 11:15:00,45545.9,45556.15,45323.35,45473.2,0
234,2024-01-29 11:30:00,45479.6,45549.9,45430.2,45471.4,0
235,2024-01-29 11:45:00,45471.8,45494.75,45440.4,45469.0,0
236,2024-01-29 12:00:00,45466.4,45519.5,45449.05,45497.6,0
237,2024-01-29 12:15:00,45500.4,45540.05,45424.05,45461.4,0
238,2024-01-29 12:30:00,45464.1,45519.1,45461.4,45495.8,0
239,2024-01-29 12:45:00,45493.3,45523.15,45468.0,45516.6,0
240,2024-01-29 13:00:00,45520.8,45554.85,45383.65,45449.3,0
241,2024-01-29 13:15:00,45449.1,45464.65,45396.25,45410.9,0
242,2024-01-29 13:30:00,45411.0,45446.7,45341.65,45418.1,0
243,2024-01-29 13:45:00,45419.7,45511.9,45402.0,45462.1,0
244,2024-01-29 14:00:00,45464.4,45504.25,45414.45,45439.4,0
245,2024-01-29 14:15:00,45438.9,45481.5,45410.05,45426.9,0
246,2024-01-29 14:30:00,45428.8,45467.8,45373.7,45439.4,0
247,2024-01-29 14:45:00,45437.3,45467.3,45239.15,45270.4,0
248,2024-01-29 15:00:00,45274.8,45507.75,45203.8,45493.1,0
249,2024-01-29 15:15:00,45489.2,45538.55,45470.6,45499.1,0
250,2024-01-30 09:15:00,45481.5,45678.7,45398.0,45409.0,0
251,2024-01-30 09:30:00,45415.6,45548.4,45321.45,45424.8,0
252,2024-01-30 09:45:00,45420.2,45426.9,45264.15,45357.1,0
253,2024-01-30 10:00:00,45348.8,45400.3,45283.5,45351.4,0
254,2024-01-30 10:15:00,45361.6,45412.55,45308.1,45339.2,0
255,2024-01-30 10:30:00,45340.6,45439.0,45317.15,45367.0,0
256,2024-01-30 10:45:00,45366.4,45425.2,45336.6,45415.3,0
257,2024-01-30 11:00:00,45415.6,45445.35,45278.95,45342.4,0
258,2024-01-30 11:15:00,45342.6,45374.7,45314.85,45367.2,0
259,2024-01-30 11:30:00,45367.1,45384.7,45334.05,45364.9,0
260,2024-01-30 11:45:00,45364.5,45524.2,45352.05,45513.6,0
261,2024-01-30 12:00:00,45516.6,45518.4,45428.9,45454.3,0
262,2024-01-30 12:15:00,45452.2,45481.3,45418.1,45473.4,0
263,2024-01-30 12:30:00,45477.1,45477.05,45409.9,45416.5,0
264,2024-01-30 12:45:00,45413.6,45472.4,45396.9,45463.9,0
265,2024-01-30 13:00:00,45463.4,45471.35,45407.0,45440.2,0
266,2024-01-30 13:15:00,45439.7,45446.65,45334.05,45432.4,0
267,2024-01-30 13:30:00,45430.9,45467.85,45414.25,45445.4,0
268,2024-01-30 13:45:00,45444.9,45459.7,45389.6,45429.0,0
269,2024-01-30 14:00:00,45425.6,45472.15,45364.65,45466.2,0
270,2024-01-30 14:15:00,45465.6,45492.5,45336.5,45336.5,0
271,2024-01-30 14:30:00,45336.7,45342.5,45206.05,45307.8,0
272,2024-01-30 14:45:00,45305.8,45451.8,45274.35,45392.1,0
273,2024-01-30 15:00:00,45390.1,45432.2,45326.35,45395.8,0
274,2024-01-30 15:15:00,45396.1,45409.1,45290.6,45319.6,0
275,2024-01-31 09:15:00,45295.6,45330.5,45071.2,45197.6,0
276,2024-01-31 09:30:00,45194.6,45467.3,45102.45,45409.0,0
277,2024-01-31 09:45:00,45417.0,45492.55,45360.9,45426.8,0
278,2024-01-31 10:00:00,45424.5,45859.15,45399.65,45824.4,0
279,2024-01-31 10:15:00,45818.2,45889.4,45760.7,45842.0,0
280,2024-01-31 10:30:00,45845.4,46127.75,45835.5,46025.8,0
281,2024-01-31 10:45:00,46030.8,46069.6,45971.65,46001.6,0
282,2024-01-31 11:00:00,46002.7,46132.2,45999.15,46056.2,0
283,2024-01-31 11:15:00,46054.1,46089.75,46022.3,46075.6,0
284,2024-01-31 11:30:00,46076.2,46166.55,46072.7,46086.4,0
285,2024-01-31 11:45:00,46089.4,46146.6,46082.1,46118.2,0
286,2024-01-31 12:00:00,46118.8,46179.75,46042.25,46046.4,0
287,2024-01-31 12:15:00,46047.1,46082.2,45874.5,45949.3,0
288,2024-01-31 12:30:00,45950.9,45980.25,45872.0,45915.6,0
289,2024-01-31 12:45:00,45915.1,45973.25,45873.55,45962.6,0
290,2024-01-31 13:00:00,45961.6,46027.15,45960.65,46015.4,0
291,2024-01-31 13:15:00,46014.4,46050.65,45976.15,46005.8,0
292,2024-01-31 13:30:00,46003.0,46031.6,45935.65,45995.7,0
293,2024-01-31 13:45:00,45993.9,46074.95,45970.4,46053.4,0
294,2024-01-31 14:00:00,46044.4,46084.35,46011.15,46041.3,0
295,2024-01-31 14:15:00,46041.7,46054.95,45922.35,45958.5,0
296,2024-01-31 14:30:00,45962.0,46075.45,45948.1,46062.1,0
297,2024-01-31 14:45:00,46068.0,46137.8,46001.55,46032.1,0
298,2024-01-31 15:00:00,46038.9,46053.85,45942.45,45990.6,0
299,2024-01-31 15:15:00,45989.4,46025.0,45943.55,45974.0,0
300,2024-02-01 09:15:00,46164.9,46173.3,45825.5,45874.9,0
301,2024-02-01 09:30:00,45877.0,45908.5,45702.4,45797.0,0
302,2024-02-01 09:45:00,45794.2,45878.65,45741.55,45866.7,0
303,2024-02-01 10:00:00,45867.6,45950.35,45773.9,45899.1,0
304,2024-02-01 10:15:00,45894.1,45987.05,45837.4,45967.4,0
305,2024-02-01 10:30:00,45955.3,46064.2,45921.6,46034.9,0
306,2024-02-01 10:45:00,46028.2,46091.9,45911.9,46032.2,0
307,2024-02-01 11:00:00,46032.4,46113.6,45958.1,46033.3,0
308,2024-02-01 11:15:00,46046.8,46048.95,45772.25,45957.8,0
309,2024-02-01 11:30:00,45956.3,45969.85,45859.45,45901.8,0
310,2024-02-01 11:45:00,45906.4,46062.5,45880.8,45962.5,0
311,2024-02-01 12:00:00,45964.9,46185.15,45668.35,46098.9,0
312,2024-02-01 12:15:00,46089.4,46141.2,45928.5,46019.0,0
313,2024-02-01 12:30:00,46017.6,46116.75,45977.35,46090.0,0
314,2024-02-01 12:45:00,46093.5,46306.9,46092.35,46203.5,0
315,2024-02-01 13:00:00,46204.6,46249.6,46111.6,46176.4,0
316,2024-02-01 13:15:00,46179.4,46223.25,46047.3,46113.6,0
317,2024-02-01 13:30:00,46111.8,46126.85,45958.05,46033.9,0
318,2024-02-01 13:45:00,46031.8,46133.6,45997.4,46076.8,0
319,2024-02-01 14:00:00,46073.1,46143.55,46022.0,46123.6,0
320,2024-02-01 14:15:00,46121.2,46155.65,46048.45,46155.6,0
321,2024-02-01 14:30:00,46149.2,46158.15,46061.25,46071.1,0
322,2024-02-01 14:45:00,46064.4,46217.3,46064.4,46179.9,0
323,2024-02-01 15:00:00,46173.2,46215.45,46121.75,46146.4,0
324,2024-02-01 15:15:00,46146.4,46253.55,46143.45,46206.9,0
325,2024-02-02 09:15:00,46568.2,46699.6,46501.1,46621.0,0
326,2024-02-02 09:30:00,46624.9,46650.35,46534.5,46605.5,0
327,2024-02-02 09:45:00,46606.9,46624.05,46540.1,46594.9,0
328,2024-02-02 10:00:00,46589.6,46653.35,46589.55,46612.0,0
329,2024-02-02 10:15:00,46611.9,46611.85,46499.0,46549.1,0
330,2024-02-02 10:30:00,46554.1,46568.55,46431.4,46498.4,0
331,2024-02-02 10:45:00,46498.9,46510.8,46460.0,46471.9,0
332,2024-02-02 11:00:00,46473.7,46606.85,46415.45,46583.0,0
333,2024-02-02 11:15:00,46577.0,46644.2,46577.0,46624.2,0
334,2024-02-02 11:30:00,46629.9,46892.35,46628.8,46808.2,0
335,2024-02-02 11:45:00,46813.2,46839.45,46755.8,46794.6,0
336,2024-02-02 12:00:00,46799.4,46822.4,46726.85,46744.5,0
337,2024-02-02 12:15:00,46743.3,46755.3,46492.55,46494.4,0
338,2024-02-02 12:30:00,46497.1,46536.15,46308.5,46515.6,0
339,2024-02-02 12:45:00,46518.5,46519.8,46359.35,46415.3,0
340,2024-02-02 13:00:00,46410.9,46466.7,46233.75,46254.7,0
341,2024-02-02 13:15:00,46252.6,46368.55,46167.65,46259.1,0
342,2024-02-02 13:30:00,46255.9,46316.2,46130.4,46218.6,0
343,2024-02-02 13:45:00,46221.7,46276.85,46174.7,46261.0,0
344,2024-02-02 14:00:00,46258.5,46352.35,46219.75,46307.9,0
345,2024-02-02 14:15:00,46309.1,46342.9,46237.35,46255.6,0
346,2024-02-02 14:30:00,46256.1,46318.8,46227.1,46306.3,0
347,2024-02-02 14:45:00,46304.6,46331.0,46014.95,46081.6,0
348,2024-02-02 15:00:00,46078.2,46133.45,45941.0,45963.8,0
349,2024-02-02 15:15:00,45962.6,45977.8,45901.25,45954.6,0
350,2024-02-05 09:15:00,45962.2,45974.7,45615.1,45896.1,0
351,2024-02-05 09:30:00,45883.8,45890.65,45759.4,45794.3,0
352,2024-02-05 09:45:00,45805.1,45995.95,45779.95,45956.5,0
353,2024-02-05 10:00:00,45951.8,46040.05,45865.35,45904.6,0
354,2024-02-05 10:15:00,45904.4,45935.8,45747.75,45834.6,0
355,2024-02-05 10:30:00,45831.1,45838.7,45760.85,45828.2,0
356,2024-02-05 10:45:00,45828.4,45870.2,45770.95,45844.5,0
357,2024-02-05 11:00:00,45835.4,45883.2,45804.25,45879.5,0
358,2024-02-05 11:15:00,45874.8,45945.05,45840.75,45892.6,0
359,2024-02-05 11:30:00,45890.6,45929.85,45826.75,45826.8,0
360,2024-02-05 11:45:00,45831.4,45973.85,45811.75,45953.1,0
361,2024-02-05 12:00:00,45949.3,45977.65,45851.75,45911.1,0
362,2024-02-05 12:15:00,45910.1,45963.7,45883.6,45889.8,0
363,2024-02-05 12:30:00,45888.8,45954.6,45870.05,45953.2,0
364,2024-02-05 12:45:00,45949.9,46048.2,45937.1,45999.7,0
365,2024-02-05 13:00:00,45998.9,46048.6,45970.0,45986.2,0
366,2024-02-05 13:15:00,45983.9,46002.75,45897.3,45907.9,0
367,2024-02-05 13:30:00,45907.4,46008.65,45900.95,45916.9,0
368,2024-02-05 13:45:00,45914.4,46008.85,45899.55,45991.1,0
369,2024-02-05 14:00:00,45988.1,46001.75,45844.9,45932.0,0
370,2024-02-05 14:15:00,45933.8,45957.05,45857.05,45898.3,0
371,2024-02-05 14:30:00,45897.8,45909.45,45745.8,45783.0,0
372,2024-02-05 14:45:00,45779.9,45833.7,45710.3,45775.0,0
373,2024-02-05 15:00:00,45776.9,45931.25,45759.4,45834.9,0
374,2024-02-05 15:15:00,45835.1,45864.35,45745.7,45756.6,0
375,2024-02-06 09:15:00,45891.2,45932.15,45592.2,45618.5,0
376,2024-02-06 09:30:00,45615.8,45759.7,45607.35,45724.1,0
377,2024-02-06 09:45:00,45717.7,45780.15,45693.65,45749.0,0
378,2024-02-06 10:00:00,45746.9,45785.45,45718.8,45729.7,0
379,2024-02-06 10:15:00,45729.1,45744.0,45621.15,45632.9,0
380,2024-02-06 10:30:00,45626.4,45638.25,45527.0,45601.6,0
381,2024-02-06 10:45:00,45607.9,45647.75,45579.3,45636.9,0
382,2024-02-06 11:00:00,45637.5,45655.6,45570.85,45612.6,0
383,2024-02-06 11:15:00,45615.4,45642.8,45576.25,45598.0,0
384,2024-02-06 11:30:00,45598.4,45763.15,45589.85,45707.1,0
385,2024-02-06 11:45:00,45708.6,45826.8,45672.6,45820.0,0
386,2024-02-06 12:00:00,45820.6,45869.55,45766.9,45793.1,0
387,2024-02-06 12:15:00,45792.2,45801.75,45658.5,45660.0,0
388,2024-02-06 12:30:00,45663.9,45749.85,45649.95,45734.3,0
389,2024-02-06 12:45:00,45738.6,45794.85,45661.25,45677.6,0
390,2024-02-06 13:00:00,45679.8,45726.85,45666.5,45702.4,0
391,2024-02-06 13:15:00,45704.9,45735.8,45676.55,45710.1,0
392,2024-02-06 13:30:00,45711.4,45764.3,45571.25,45692.8,0
393,2024-02-06 13:45:00,45694.4,45751.9,45655.65,45676.6,0
394,2024-02-06 14:00:00,45682.2,45688.45,45582.65,45619.6,0
395,2024-02-06 14:15:00,45623.8,45649.35,45575.6,45607.1,0
396,2024-02-06 14:30:00,45609.1,45734.3,45608.05,45715.6,0
397,2024-02-06 14:45:00,45717.9,45717.95,45595.0,45648.4,0
398,2024-02-06 15:00:00,45651.6,45706.2,45626.45,45669.0,0
399,2024-02-06 15:15:00,45671.1,45784.1,45644.8,45774.4,0
400,2024-02-07 09:15:00,45944.6,46062.85,45921.25,45961.6,0
401,2024-02-07 09:30:00,45965.0,46038.85,45888.4,45930.1,0
402,2024-02-07 09:45:00,45927.6,45958.15,45872.85,45928.1,0
403,2024-02-07 10:00:00,45927.6,45938.4,45802.65,45875.4,0
404,2024-02-07 10:15:00,45874.1,45901.85,45844.4,45870.1,0
405,2024-02-07 10:30:00,45872.7,45899.9,45787.3,45828.4,0
406,2024-02-07 10:45:00,45826.7,45887.85,45823.3,45836.4,0
407,2024-02-07 11:00:00,45838.4,45863.9,45793.5,45856.9,0
408,2024-02-07 11:15:00,45855.6,45858.8,45807.25,45823.2,0
409,2024-02-07 11:30:00,45823.1,45826.95,45620.5,45680.1,0
410,2024-02-07 11:45:00,45678.2,45707.2,45649.75,45676.1,0
411,2024-02-07 12:00:00,45680.4,45760.1,45671.4,45709.6,0
412,2024-02-07 12:15:00,45710.2,45737.85,45682.45,45712.1,0
413,2024-02-07 12:30:00,45713.8,45756.35,45697.0,45718.6,0
414,2024-02-07 12:45:00,45719.1,45729.15,45670.65,45712.2,0
415,2024-02-07 13:00:00,45713.1,45747.55,45689.95,45717.1,0
416,2024-02-07 13:15:00,45717.7,45764.3,45686.15,45694.8,0
417,2024-02-07 13:30:00,45695.1,45821.1,45680.9,45773.6,0
418,2024-02-07 13:45:00,45771.3,45784.0,45708.0,45766.8,0
419,2024-02-07 14:00:00,45768.4,45814.75,45757.05,45778.6,0
420,2024-02-07 14:15:00,45785.9,45846.8,45743.75,45789.7,0
421,2024-02-07 14:30:00,45789.8,45814.9,45735.0,45775.8,0
422,2024-02-07 14:45:00,45776.6,45823.75,45754.6,45763.8,0
423,2024-02-07 15:00:00,45761.2,45848.05,45757.5,45848.1,0
424,2024-02-07 15:15:00,45839.9,45939.25,45787.9,45916.4,0
425,2024-02-08 09:15:00,45973.9,46069.35,45941.65,46057.4,0
426,2024-02-08 09:30:00,46056.1,46108.65,45988.45,46010.7,0
427,2024-02-08 09:45:00,46013.9,46052.2,45951.0,46021.9,0
428,2024-02-08 10:00:00,46025.9,46181.2,45921.4,46020.6,0
429,2024-02-08 10:15:00,46023.1,46032.4,45897.7,45983.0,0
430,2024-02-08 10:30:00,45986.9,46051.3,45829.9,45852.4,0
431,2024-02-08 10:45:00,45854.1,45956.85,45631.2,45636.5,0
432,2024-02-08 11:00:00,45633.4,45633.45,45227.2,45405.0,0
433,2024-02-08 11:15:00,45398.2,45459.85,45324.3,45430.6,0
434,2024-02-08 11:30:00,45428.8,45428.8,45327.7,45360.4,0
435,2024-02-08 11:45:00,45361.2,45480.25,45332.6,45446.6,0
436,2024-02-08 12:00:00,45449.9,45517.2,45441.6,45481.2,0
437,2024-02-08 12:15:00,45479.4,45499.65,45368.25,45397.4,0
438,2024-02-08 12:30:00,45393.6,45453.55,45331.75,45443.6,0
439,2024-02-08 12:45:00,45440.9,45490.75,45408.5,45485.8,0
440,2024-02-08 13:00:00,45486.6,45501.65,45417.8,45457.5,0
441,2024-02-08 13:15:00,45460.7,45524.35,45424.8,45514.1,0
442,2024-02-08 13:30:00,45516.1,45533.65,45450.55,45484.1,0
443,2024-02-08 13:45:00,45486.3,45505.8,45431.7,45471.2,0
444,2024-02-08 14:00:00,45472.3,45483.55,45360.55,45373.9,0
445,2024-02-08 14:15:00,45376.8,45416.05,45250.6,45296.7,0
446,2024-02-08 14:30:00,45298.4,45301.8,45084.65,45154.0,0
447,2024-02-08 14:45:00,45154.1,45184.85,45042.5,45077.9,0
448,2024-02-08 15:00:00,45084.6,45100.85,44893.75,44979.9,0
449,2024-02-08 15:15:00,44986.2,45108.7,44948.9,45105.4,0
450,2024-02-09 09:15:00,44986.8,45153.4,44859.15,45111.2,0
451,2024-02-09 09:30:00,45107.4,45236.1,45048.35,45125.3,0
452,2024-02-09 09:45:00,45119.8,45140.3,45056.15,45071.7,0
453,2024-02-09 10:00:00,45070.9,45352.5,44995.7,45348.0,0
454,2024-02-09 10:15:00,45347.6,45349.95,45197.55,45198.1,0
455,2024-02-09 10:30:00,45193.5,45264.9,45175.65,45234.0,0
456,2024-02-09 10:45:00,45232.6,45275.9,45195.45,45201.6,0
457,2024-02-09 11:00:00,45203.6,45229.6,45052.9,45166.1,0
458,2024-02-09 11:15:00,45167.9,45199.65,45113.2,45192.2,0
459,2024-02-09 11:30:00,45193.4,45488.9,45172.45,45376.2,0
460,2024-02-09 11:45:00,45378.6,45425.05,45345.5,45406.7,0
461,2024-02-09 12:00:00,45407.4,45457.9,45363.05,45387.5,0
462,2024-02-09 12:15:00,45387.9,45455.65,45372.05,45434.5,0
463,2024-02-09 12:30:00,45436.4,45481.7,45364.7,45404.6,0
464,2024-02-09 12:45:00,45405.0,45421.85,45300.55,45382.6,0
465,2024-02-09 13:00:00,45384.0,45466.0,45364.6,45455.6,0
466,2024-02-09 13:15:00,45456.4,45464.4,45358.1,45405.5,0
467,2024-02-09 13:30:00,45404.5,45405.1,45263.9,45331.9,0
468,2024-02-09 13:45:00,45334.9,45341.8,45278.0,45314.2,0
469,2024-02-09 14:00:00,45319.4,45400.45,45294.5,45360.9,0
470,2024-02-09 14:15:00,45364.6,45456.0,45346.0,45445.9,0
471,2024-02-09 14:30:00,45446.8,45717.5,45443.55,45626.6,0
472,2024-02-09 14:45:00,45629.3,45674.3,45585.6,45609.3,0
473,2024-02-09 15:00:00,45606.5,45676.75,45547.05,45617.1,0
474,2024-02-09 15:15:00,45617.7,45713.4,45608.4,45706.6,0
475,2024-02-12 09:15:00,45664.3,45748.5,45523.55,45575.05,0
476,2024-02-12 09:30:00,45578.5,45623.85,45473.85,45483.95,0
477,2024-02-12 09:45:00,45487.9,45508.65,45370.55,45393.7,0
478,2024-02-12 10:00:00,45397.5,45440.35,45337.0,45376.35,0
479,2024-02-12 10:15:00,45376.5,45403.7,45147.35,45215.3,0
480,2024-02-12 10:30:00,45212.35,45265.6,45146.3,45228.1,0
481,2024-02-12 10:45:00,45226.6,45254.35,45197.25,45251.5,0
482,2024-02-12 11:00:00,45251.95,45345.65,45217.8,45334.8,0
483,2024-02-12 11:15:00,45334.85,45346.4,45271.6,45310.0,0
484,2024-02-12 11:30:00,45313.1,45339.4,45242.65,45259.2,0
485,2024-02-12 11:45:00,45261.25,45276.5,45211.05,45246.45,0
486,2024-02-12 12:00:00,45246.8,45249.6,44988.25,45050.95,0
487,2024-02-12 12:15:00,45051.25,45096.0,44958.9,45036.9,0
488,2024-02-12 12:30:00,45037.75,45062.65,44998.4,45027.5,0
489,2024-02-12 12:45:00,45030.7,45042.9,44755.35,44786.25,0
490,2024-02-12 13:00:00,44785.45,44785.45,44651.0,44745.85,0
491,2024-02-12 13:15:00,44750.85,44780.9,44673.35,44750.5,0
492,2024-02-12 13:30:00,44756.3,44862.5,44740.0,44791.3,0
493,2024-02-12 13:45:00,44795.45,44816.7,44633.85,44749.75,0
494,2024-02-12 14:00:00,44753.15,44958.45,44730.55,44939.1,0
495,2024-02-12 14:15:00,44937.95,44968.7,44814.75,44832.0,0
496,2024-02-12 14:30:00,44832.35,44922.15,44785.35,44849.45,0
497,2024-02-12 14:45:00,44848.75,44878.65,44810.0,44810.0,0
498,2024-02-12 15:00:00,44814.45,44996.75,44781.05,44838.7,0
499,2024-02-12 15:15:00,44840.6,44933.5,44807.95,44887.75,0
